{"decim": 10, "foi": [4.0, 4.2724672428021906, 4.5634940852044368, 4.874344747939376, 5.2063695664239704, 5.5610108566171625, 5.9398091804410438, 6.3444100379825219, 6.7765710155464287, 7.2381694206112224, 7.7312104368534893, 8.257835834666734, 8.8203332750129277, 9.4211462470227243, 10.062884682513342, 10.748336293533546, 11.480478682185993, 12.262492275332125, 13.097774140367854, 13.989952742085816, 14.942903704728078, 15.960766647699556, 17.047963168076517, 18.209216048026285, 19.449569770575071, 20.774412432844422, 22.189499151947583, 23.700977065220762, 25.31541203339042, 27.039817162675231, 28.881683269722604, 30.849011421719464, 32.950347693031752, 35.194820289355228, 37.59217920064502, 40.152838555076407, 42.88792185802221, 45.809310312564996, 48.929694431448596, 52.262629164671232, 55.822592782194072, 59.62504976755249, 63.686517995579614, 68.024640486061543, 72.658262045023349, 77.607511126575005, 82.89388727092458, 88.540354498390613, 94.571441065116886, 101.01334601382747, 107.89405298248019, 115.24345176520266, 123.0934681535707, 131.47820262226125, 140.43407846153011, 150.00000000000003], "cycles": [3.0, 3.0, 3.0, 3.0, 3.0, 3.0, 3.1590909090909092, 3.3181818181818183, 3.4772727272727275, 3.6363636363636362, 3.7954545454545454, 3.9545454545454546, 4.1136363636363633, 4.2727272727272725, 4.4318181818181817, 4.5909090909090908, 4.75, 4.9090909090909092, 5.0681818181818183, 5.2272727272727266, 5.3863636363636367, 5.545454545454545, 5.704545454545455, 5.8636363636363633, 6.0227272727272725, 6.1818181818181817, 6.3409090909090908, 6.5, 6.6590909090909092, 6.8181818181818183, 6.9772727272727266, 7.1363636363636367, 7.295454545454545, 7.4545454545454541, 7.6136363636363633, 7.7727272727272725, 7.9318181818181817, 8.0909090909090899, 8.25, 8.4090909090909101, 8.5681818181818183, 8.7272727272727266, 8.8863636363636367, 9.045454545454545, 9.2045454545454533, 9.3636363636363633, 9.5227272727272734, 9.6818181818181817, 9.8409090909090899, 10.0, 10.0, 10.0, 10.0, 10.0, 10.0, 10.0], "time_bandwidth": 2}