{"time_bandwidth": 2, "decim": 10, "foi": [4.0, 4.2966039646767547, 4.6152014073190033, 4.9574231661171417, 5.3250210075298252, 5.7198765932349147, 6.1440111119887266, 6.5995956256971997, 7.0889621826584905, 7.6146157548635145, 8.1792470604591649, 8.7857463370098845, 9.4372181360602383, 10.136997214728952, 10.888665605680405, 11.696070952851464, 12.563346206790554, 13.494930780425744, 14.49559327355391, 15.570455882373361, 16.725020619007473, 17.965197475231992, 19.297334674570646, 20.728251167613617, 22.265271536896066, 23.916263490008038, 25.689678132855622, 27.594593229224291, 29.640759668081849, 31.838651376477838, 34.19951893353393, 36.735447159964913, 39.45941697791968, 42.385371857790751, 45.528289192120532, 48.904256961953749, 52.530556088075329, 56.425748888674782, 60.609774096233785, 65.104048920010158, 69.931578676556271, 75.117074549448958, 80.687080081020454, 86.670107043575854, 93.096781385596699, 100.0], "cycles": [3, 3, 3, 3, 3, 3.0, 3.1749999999999998, 3.3500000000000001, 3.5249999999999999, 3.7000000000000002, 3.875, 4.0499999999999998, 4.2249999999999996, 4.4000000000000004, 4.5750000000000002, 4.75, 4.9249999999999998, 5.0999999999999996, 5.2750000000000004, 5.4499999999999993, 5.625, 5.7999999999999998, 5.9749999999999996, 6.1500000000000004, 6.3249999999999993, 6.5, 6.6749999999999998, 6.8499999999999996, 7.0249999999999995, 7.1999999999999993, 7.375, 7.5499999999999998, 7.7249999999999996, 7.8999999999999995, 8.0749999999999993, 8.25, 8.4250000000000007, 8.5999999999999996, 8.7749999999999986, 8.9499999999999993, 9.125, 9.3000000000000007, 9.4749999999999996, 9.6499999999999986, 9.8249999999999993, 10.0]}